{
    "exact": 61.846205676745555,
    "f1": 64.80409815607169,
    "total": 11873,
    "HasAns_exact": 52.83400809716599,
    "HasAns_f1": 58.75827554099833,
    "HasAns_total": 5928,
    "NoAns_exact": 70.83263246425568,
    "NoAns_f1": 70.83263246425568,
    "NoAns_total": 5945,
    "best_exact": 62.25890676324433,
    "best_exact_thresh": -2.2732505798339844,
    "best_f1": 64.80409815607187,
    "best_f1_thresh": -1.4037442207336426
}